,category,item_name
0,4mm,hmr_fresh_tbrennan
1,4mm,hmr_breakfast
2,4mm,hmr_comfort
3,4mm,hmr_fresh_tabla
4,4mm,hmr_fresh
5,4mm,hmr_fresh_rosa
6,4mm,hmr_mediterranean
7,4mm,hmr_fresh_sias
8,4mm,hmr_fresh_vegcuisine
9,4mm,hmr_fresh_tbrennan
10,4mm,hmr_breakfast
11,4mm,hmr_comfort
12,4mm,hmr_fresh_tabla
13,4mm,hmr_fresh
14,4mm,hmr_fresh_rosa
15,4mm,hmr_mediterranean
16,4mm,hmr_fresh_sias
17,4mm,hmr_fresh_vegcuisine
18,4mm,hmr_frzn_entree
19,4mm,hmr_fresh_ss
20,4mm,hmr_fresh_ss
21,4mm,hmr_fresh
22,4mm,hmr_fresh_sias
23,4mm,hmr_fresh_ss
24,4mm,hmr_fresh
25,4mm,hmr_fresh_sias
26,shop,bby_sale
27,shop,bby_natural
28,shop,bby_new
29,buybig,bby_family_size
30,bakery,bgtt
31,bakery,bak_bagelcrsnt
32,bakery,bak_fsh
33,bakery,bfruitnutherb
34,bakery,ppry
35,bakery,bak_rolls
36,bakery,srdh
37,bakery,whit
38,bakery,pullman
39,bakery,whlmlt
40,bakery,cake
41,bakery,chclt
42,bakery,ckibni
43,bakery,bak_mini
44,bakery,bak_cake_coffee
45,bakery,pietrt
46,bakery,pudfl
47,bakery,bak_bagelcrsnt
48,bakery,bgtt
49,bakery,cake
50,bakery,chclt
51,bakery,ckibni
52,bakery,bak_fsh
53,bakery,bfruitnutherb
54,bakery,bak_mini
55,bakery,bak_cake_coffee
56,bakery,pietrt
57,bakery,pudfl
58,bakery,pullman
59,bakery,ppry
60,bakery,bak_rolls
61,bakery,srdh
62,bakery,whit
63,bakery,whlmlt
64,shop,bky_sale
65,shop,bky_new
66,grocery,gro_beer
67,pantry,gro_coffe
68,beverages,gro_bever_dieta
69,grocery,gro_beer
70,beverages,gro_bever_dieta
71,shop,bev_sale
72,shop,bev_organic
73,shop,gro_bev_new
74,beverages,bev_family_size
75,picks,bev_gluten_free
76,shop,bev_kos
77,shop,bev_local
78,catering,cat_horsdoeuvr
79,catering,cat_hot_hrsdrvs
80,catering,cat_breakfast
81,catering,cat_entree
82,catering,cat_salads
83,catering,cat_sandplat
84,catering,cat_snacks
85,catering,cat_sweets
86,catering,cat_horsdoeuvr
87,catering,cat_hot_hrsdrvs
88,catering,cat_breakfast
89,catering,cat_entree
90,catering,cat_salads
91,catering,cat_sandplat
92,catering,cat_snacks
93,catering,cat_sweets
94,shop,cat_new
95,catering,cat_pack
96,catering,cat_kids
97,catering,cat_paper
98,catering,cat_popbev
99,catering,cat_horsdoeuvr
100,catering,cat_sandplat
101,catering,cat_hot_hrsdrvs
102,catering,cat_horsdoeuvr
103,catering,cat_sandplat
104,catering,cat_hot_hrsdrvs
105,cheese,blues
106,cheese,briefriend
107,cheese,chedjack
108,cheese,feta
109,cheese,gouda
110,cheese,mozza
111,cheese,che_frmstartsnl
112,cheese,parmgrat
113,cheese,sheep
114,cheese,swissmtn
115,cheese,che_frm
116,cheese,semisoft
117,cheese,fshsft
118,cheese,blues
119,cheese,briefriend
120,cheese,chedjack
121,cheese,feta
122,cheese,che_frm
123,cheese,gouda
124,cheese,mozza
125,cheese,che_frmstartsnl
126,cheese,parmgrat
127,cheese,semisoft
128,cheese,sheep
129,cheese,fshsft
130,cheese,swissmtn
131,shop,che_sale
132,cheese,che_our_favorite_cheese
133,cheese,che_delislc
134,cheese,lwfatnond
135,cheese,che_dai_chees
136,cheese,che_partners
137,cheese,cheboards
138,cheese,che_by_rgn
139,cheese,che_stnk
140,cheese,parmgrat
141,cheese,chedjack
142,cheese,swissmtn
143,cheese,mozza
144,cheese,parmgrat
145,cheese,chedjack
146,cheese,swissmtn
147,cheese,mozza
148,dairy,dai_yogur
149,dairy,dai_milk_milk
150,dairy,dai_milk_cream
151,dairy,dai_chees
152,dairy,dai_juice
153,dairy,dai_eggs
154,dairy,dai_packa
155,dairy,dai_butte
156,dairy,dai_dough
157,dairy,dai_pasta
158,dairy,dai_cotta
159,dairy,dai_crmch
160,dairy,dai_humm
161,dairy,dai_condi_salsa
162,dairy,dai_prepa
163,dairy,dai_puddi
164,dairy,dai_condi
165,dairy,dai_sour
166,dairy,dai_soy
167,dairy,dai_dough
168,dairy,dai_butte
169,dairy,dai_pasta
170,dairy,dai_packa
171,dairy,dai_cotta
172,dairy,dai_milk_cream
173,dairy,dai_crmch
174,dairy,dai_condi
175,dairy,dai_eggs
176,dairy,dai_humm
177,dairy,dai_juice
178,dairy,dai_prepa
179,dairy,dai_milk_milk
180,dairy,dai_chees
181,dairy,dai_puddi
182,dairy,dai_condi_salsa
183,dairy,dai_sour
184,dairy,dai_soy
185,dairy,dai_yogur
186,shop,dai_sale
187,shop,dai_organic
188,shop,dai_new
189,buybig,dai_family_size
190,deli,dlich
191,deli,cccm
192,deli,deli_salad_all
193,deli,deli_bundles
194,deli,del_pkgcchd
195,deli,pack_sausage
196,deli,del_bagels
197,deli,cream_cheese
198,deli,knpi
199,deli,scf
200,deli,anti
201,deli,bcn
202,deli,spreads_dips
203,deli,olive
204,deli,del_frshpas
205,deli,pate
206,deli,picl
207,deli,deli_quiche
208,deli,truf
209,deli,anti
210,deli,bcn
211,deli,del_bagels
212,deli,dlich
213,deli,cccm
214,deli,cream_cheese
215,deli,deli_salad_all
216,deli,deli_bundles
217,deli,deli_grnsalad
218,deli,pack_sausage
219,deli,spreads_dips
220,deli,knpi
221,deli,olive
222,deli,del_pkgcchd
223,deli,del_frshpas
224,deli,pate
225,deli,picl
226,deli,deli_quiche
227,deli,scf
228,deli,truf
229,shop,del_sale
230,shop,del_organic
231,shop,del_new
232,shop,del_kosher
233,shop,del_ls
234,deli,dlich
235,deli,cccm
236,deli,deli_salad_all
237,deli,deli_bundles
238,deli,dlich
239,deli,cccm
240,deli,deli_salad_all
241,deli,deli_bundles
242,deli,dlich
243,deli,cccm
244,deli,deli_salad_all
245,deli,deli_bundles
246,deli,del_pkgcchd
247,deli,pack_sausage
248,deli,del_bagels
249,deli,cream_cheese
250,deli,knpi
251,deli,scf
252,deli,anti
253,deli,bcn
254,deli,spreads_dips
255,deli,olive
256,deli,del_frshpas
257,deli,pate
258,deli,picl
259,deli,deli_quiche
260,deli,truf
261,deli,anti
262,deli,bcn
263,deli,del_bagels
264,deli,dlich
265,deli,cccm
266,deli,cream_cheese
267,deli,deli_salad_all
268,deli,deli_bundles
269,deli,deli_grnsalad
270,deli,pack_sausage
271,deli,spreads_dips
272,deli,knpi
273,deli,olive
274,deli,del_pkgcchd
275,deli,del_frshpas
276,deli,pate
277,deli,picl
278,deli,deli_quiche
279,deli,scf
280,deli,truf
281,shop,del_sale
282,shop,del_organic
283,shop,del_new
284,shop,del_kosher
285,shop,del_ls
286,deli,dlich
287,deli,cccm
288,deli,deli_salad_all
289,deli,deli_bundles
290,deli,dlich
291,deli,cccm
292,deli,deli_salad_all
293,deli,deli_bundles
294,cheese,blues
295,cheese,briefriend
296,cheese,chedjack
297,cheese,feta
298,cheese,gouda
299,cheese,mozza
300,cheese,che_frmstartsnl
301,cheese,parmgrat
302,cheese,sheep
303,cheese,swissmtn
304,cheese,che_frm
305,cheese,semisoft
306,cheese,fshsft
307,cheese,blues
308,cheese,briefriend
309,cheese,chedjack
310,cheese,feta
311,cheese,che_frm
312,cheese,gouda
313,cheese,mozza
314,cheese,che_frmstartsnl
315,cheese,parmgrat
316,cheese,semisoft
317,cheese,sheep
318,cheese,fshsft
319,cheese,swissmtn
320,shop,che_sale
321,cheese,che_our_favorite_cheese
322,cheese,che_delislc
323,cheese,lwfatnond
324,cheese,che_dai_chees
325,cheese,che_partners
326,cheese,cheboards
327,cheese,che_by_rgn
328,cheese,che_stnk
329,cheese,parmgrat
330,cheese,chedjack
331,cheese,swissmtn
332,cheese,mozza
333,cheese,parmgrat
334,cheese,chedjack
335,cheese,swissmtn
336,cheese,mozza
337,frozen,fro_icecr
338,frozen,fro_fruit
339,frozen,fro_meals
340,frozen,fro_veget
341,frozen,frozen_meat
342,frozen,fro_break
343,frozen,fro_pizza
344,frozen,fro_appet
345,frozen,fro_bread
346,frozen,fro_deser
347,frozen,fro_fd
348,frozen,fro_juice
349,frozen,fro_meatl
350,frozen,fro_pasta
351,frozen,fro_potat
352,frozen,fro_seafo
353,frozen,fro_appet
354,frozen,fro_bread
355,frozen,fro_break
356,frozen,fro_deser
357,frozen,fro_fd
358,frozen,fro_fruit
359,frozen,fro_icecr
360,frozen,fro_juice
361,frozen,fro_meals
362,frozen,frozen_meat
363,frozen,fro_meatl
364,frozen,fro_pasta
365,frozen,fro_pizza
366,frozen,fro_potat
367,frozen,fro_seafo
368,frozen,fro_veget
369,shop,fro_sales
370,shop,organic
371,shop,fro_new_products
372,shop,fro_kosher
373,fruit,apl
374,fruit,avocados_fruit
375,fruit,ban
376,fruit,br
377,fruit,ctr
378,fruit,cfndfnuts
379,fruit,fresh_juice
380,fruit,grp
381,fruit,mln
382,fruit,pr
383,fruit,cut_fruit
384,fruit,sf
385,fruit,trp
386,fruit,apl
387,fruit,avocados_fruit
388,fruit,ban
389,fruit,br
390,fruit,ctr
391,fruit,cfndfnuts
392,fruit,fresh_juice
393,fruit,grp
394,fruit,mln
395,fruit,pr
396,fruit,cut_fruit
397,fruit,sf
398,fruit,trp
399,shop,fru_sale
400,shop,fru_top_rated
401,shop,fru_org
402,shop,fru_new
403,fruit,fru_vpaks
404,shop,fru_lcl
405,pantry,gro_snack
406,pantry,gro_dfnt
407,pantry,gro_baker
408,pantry,gro_cerea
409,pantry,gro_canne
410,pantry,gro_oil
411,pantry,gro_cooki
412,pantry,gro_coffe
413,pantry,gro_bakin
414,pantry,gro_candy
415,pantry,gro_condi
416,pantry,gro_spice
417,pantry,gro_pasta
418,pantry,gro_peanu
419,pantry,gro_rice
420,pantry,gro_salad
421,pantry,gro_soup
422,pantry,gro_sugar
423,pantry,gro_bakin
424,pantry,gro_baker
425,pantry,gro_candy
426,pantry,gro_canne
427,pantry,gro_cerea
428,pantry,gro_coffe
429,pantry,gro_condi
430,pantry,gro_cooki
431,pantry,gro_dfnt
432,pantry,gro_spice
433,pantry,gro_oil
434,pantry,gro_peanu
435,pantry,gro_pasta
436,pantry,gro_rice
437,pantry,gro_salad
438,pantry,gro_snack
439,pantry,gro_soup
440,pantry,gro_sugar
441,shop,pan_sale
442,shop,pan_new
443,pantry,our_picks_gltnfr
444,pantry,pan_family_size
445,shop,pan_kosher
446,pantry,gro_snack
447,pantry,gro_baker
448,pantry,gro_cerea
449,pantry,gro_dfnt
450,pantry,gro_snack
451,pantry,gro_baker
452,pantry,gro_cerea
453,pantry,gro_dfnt
454,grocery,gro_beer
455,pantry,gro_coffe
456,beverages,gro_bever_dieta
457,grocery,gro_beer
458,beverages,gro_bever_dieta
459,shop,bev_sale
460,shop,bev_organic
461,shop,gro_bev_new
462,beverages,bev_family_size
463,picks,bev_gluten_free
464,shop,bev_kos
465,shop,bev_local
466,grocery,gro_gear
467,grocery,gro_gear
468,shop,hhd_sale
469,shop,hhd_new
470,grocery,gro_house_hhf
471,household,hhd_bulk
472,shop,bby_sale
473,shop,bby_natural
474,shop,bby_new
475,buybig,bby_family_size
476,hba,hba_diet_nutrition
477,hba,hba_diet_nutrition
478,shop,hba_sales
479,shop,hba_new_products
480,hba,hba_diet_nutrition
481,hba,hba_diet_nutrition
482,shop,hba_sales
483,shop,hba_new_products
484,meals,hmr_freshdining
485,meals,hmr_entree_pltry
486,meals,hmrsdwch
487,meals,hmr_entree_meat
488,meals,hmr_entree_pasta
489,meals,hmr_potquiche
490,meals,hmr_entree_sea
491,meals,hmr_pizza
492,meals,hmr_entree_veg
493,meals,hmr_kidsmeals
494,4mm,hmr_fresh_sias
495,meals,hmr_apps
496,meals,hmr_dips
497,deli,hmr_delisalads
498,meals,hmr_saldres
499,heatneat,hmr_mar_rub
500,meals,hmr_potside
501,meals,hmrsoup
502,meals,hmr_vegside
503,meals,hmr_freshdining
504,meals,hmr_apps
505,meals,hmr_entree_pltry
506,heatneat,hmr_help
507,deli,hmr_delisalads
508,meals,hmr_dips
509,meals,hmr_saldres
510,meals,hmr_kidsmeals
511,meals,hmrsdwch
512,heatneat,hmr_mar_rub
513,meals,hmr_entree_meat
514,meals,hmr_entree_pasta
515,meals,hmr_potside
516,meals,hmr_potquiche
517,meals,hmr_entree_sea
518,meals,hmrsoup
519,meals,hmr_pizza
520,meals,hmr_vegside
521,meals,hmr_entree_veg
522,shop,hmr_sale
523,meals,hmrsoup
524,meals,hmr_saldres
525,meals,hmr_entree_pltry
526,meals,hmrsoup
527,meals,hmr_saldres
528,meals,hmr_entree_pltry
529,grocery,gro_gear
530,grocery,gro_gear
531,shop,hhd_sale
532,shop,hhd_new
533,grocery,gro_house_hhf
534,household,hhd_bulk
535,4mm,hmr_fresh_tbrennan
536,4mm,hmr_breakfast
537,4mm,hmr_comfort
538,4mm,hmr_fresh_tabla
539,4mm,hmr_fresh
540,4mm,hmr_fresh_rosa
541,4mm,hmr_mediterranean
542,4mm,hmr_fresh_sias
543,4mm,hmr_fresh_vegcuisine
544,4mm,hmr_fresh_tbrennan
545,4mm,hmr_breakfast
546,4mm,hmr_comfort
547,4mm,hmr_fresh_tabla
548,4mm,hmr_fresh
549,4mm,hmr_fresh_rosa
550,4mm,hmr_mediterranean
551,4mm,hmr_fresh_sias
552,4mm,hmr_fresh_vegcuisine
553,4mm,hmr_frzn_entree
554,4mm,hmr_fresh_ss
555,4mm,hmr_fresh_ss
556,4mm,hmr_fresh
557,4mm,hmr_fresh_sias
558,4mm,hmr_fresh_ss
559,4mm,hmr_fresh
560,4mm,hmr_fresh_sias
561,rtc,rtc_kabo
562,rtc,rtc_helpers
563,rtc,rtc_ss_mealkts
564,rtc,rtc_asian
565,rtc,rtc_meat
566,rtc,rtc_poultry
567,rtc,rtc_fish
568,rtc,rtc_veg
569,rtc,rtc_rubs
570,rtc,rtc_sauce
571,rtc,rtc_meat
572,rtc,rtc_kabo
573,rtc,rtc_poultry
574,rtc,rtc_helpers
575,rtc,rtc_rubs
576,rtc,rtc_ss_mealkts
577,rtc,rtc_sauce
578,rtc,rtc_fish
579,rtc,rtc_asian
580,rtc,rtc_veg
581,shop,rtc_sale
582,shop,rtc_new
583,shop,rtc_popular
584,rtc,rtc_asian
585,rtc,rtc_meat
586,rtc,rtc_ss_mealkts
587,rtc,rtc_asian
588,rtc,rtc_meat
589,rtc,rtc_ss_mealkts
590,meals,hmr_freshdining
591,meals,hmr_entree_pltry
592,meals,hmrsdwch
593,meals,hmr_entree_meat
594,meals,hmr_entree_pasta
595,meals,hmr_potquiche
596,meals,hmr_entree_sea
597,meals,hmr_pizza
598,meals,hmr_entree_veg
599,meals,hmr_kidsmeals
600,4mm,hmr_fresh_sias
601,meals,hmr_apps
602,meals,hmr_dips
603,deli,hmr_delisalads
604,meals,hmr_saldres
605,heatneat,hmr_mar_rub
606,meals,hmr_potside
607,meals,hmrsoup
608,meals,hmr_vegside
609,meals,hmr_freshdining
610,meals,hmr_apps
611,meals,hmr_entree_pltry
612,heatneat,hmr_help
613,deli,hmr_delisalads
614,meals,hmr_dips
615,meals,hmr_saldres
616,meals,hmr_kidsmeals
617,meals,hmrsdwch
618,heatneat,hmr_mar_rub
619,meals,hmr_entree_meat
620,meals,hmr_entree_pasta
621,meals,hmr_potside
622,meals,hmr_potquiche
623,meals,hmr_entree_sea
624,meals,hmrsoup
625,meals,hmr_pizza
626,meals,hmr_vegside
627,meals,hmr_entree_veg
628,shop,hmr_sale
629,meals,hmrsoup
630,meals,hmr_saldres
631,meals,hmr_entree_pltry
632,meals,hmrsoup
633,meals,hmr_saldres
634,meals,hmr_entree_pltry
635,catering,cat_horsdoeuvr
636,catering,cat_hot_hrsdrvs
637,catering,cat_breakfast
638,catering,cat_entree
639,catering,cat_salads
640,catering,cat_sandplat
641,catering,cat_snacks
642,catering,cat_sweets
643,catering,cat_horsdoeuvr
644,catering,cat_hot_hrsdrvs
645,catering,cat_breakfast
646,catering,cat_entree
647,catering,cat_salads
648,catering,cat_sandplat
649,catering,cat_snacks
650,catering,cat_sweets
651,shop,cat_new
652,catering,cat_pack
653,catering,cat_kids
654,catering,cat_paper
655,catering,cat_popbev
656,catering,cat_horsdoeuvr
657,catering,cat_sandplat
658,catering,cat_hot_hrsdrvs
659,catering,cat_horsdoeuvr
660,catering,cat_sandplat
661,catering,cat_hot_hrsdrvs
662,pasta,drypasta
663,pasta,frshpasta
664,pasta,fresh_sauce_fro
665,pasta,pas_entrees
666,pasta,frpas
667,pasta,pas_wwhfbr
668,pasta,jstmpst
669,pasta,gratche
670,pasta,frshsauce
671,pasta,pas_herbs
672,pasta,jarsauce
673,pasta,pas_oil
674,pasta,pas_antipasti
675,pasta,pas_meat
676,pasta,pas_seafood
677,pasta,jstmpst
678,pasta,gratche
679,pasta,drypasta
680,pasta,frshpasta
681,pasta,pas_herbs
682,pasta,pas_entrees
683,pasta,fresh_sauce_fro
684,pasta,jarsauce
685,pasta,pas_oil
686,pasta,pas_antipasti
687,pasta,frshsauce
688,pasta,pas_meat
689,pasta,pas_seafood
690,pasta,frpas
691,pasta,pas_wwhfbr
692,shop,pas_sale
693,shop,pas_new
694,pasta,pas_gf
695,shop,pas_kosher
696,pasta,drypasta
697,pasta,frshpasta
698,pasta,frpas
699,pasta,drypasta
700,pasta,frshpasta
701,pasta,frpas
702,meat,mt_b
703,meat,mt_c
704,meat,mt_gmbrd
705,meat,mt_l
706,meat,mt_pr
707,meat,mt_trky
708,meat,mt_v
709,meat,grnd
710,meat,mea_burger
711,meat,mt_ss
712,meat,cubesstrips
713,rtc,mea_stirfry
714,meat,mt_b
715,meat,mt_c
716,meat,cubesstrips
717,meat,mt_gmbrd
718,meat,grnd
719,meat,mea_bacon
720,meat,mt_l
721,meat,mea_burger
722,meat,mt_pr
723,meat,mt_ss
724,rtc,mea_stirfry
725,meat,mt_trky
726,meat,mt_v
727,shop,deals_in_meat
728,shop,mea_organic_link
729,meat,mea_valpack
730,shop,meat_kosh_link
731,shop,mea_lcl
732,pantry,gro_snack
733,pantry,gro_dfnt
734,pantry,gro_baker
735,pantry,gro_cerea
736,pantry,gro_canne
737,pantry,gro_oil
738,pantry,gro_cooki
739,pantry,gro_coffe
740,pantry,gro_bakin
741,pantry,gro_candy
742,pantry,gro_condi
743,pantry,gro_spice
744,pantry,gro_pasta
745,pantry,gro_peanu
746,pantry,gro_rice
747,pantry,gro_salad
748,pantry,gro_soup
749,pantry,gro_sugar
750,pantry,gro_bakin
751,pantry,gro_baker
752,pantry,gro_candy
753,pantry,gro_canne
754,pantry,gro_cerea
755,pantry,gro_coffe
756,pantry,gro_condi
757,pantry,gro_cooki
758,pantry,gro_dfnt
759,pantry,gro_spice
760,pantry,gro_oil
761,pantry,gro_peanu
762,pantry,gro_pasta
763,pantry,gro_rice
764,pantry,gro_salad
765,pantry,gro_snack
766,pantry,gro_soup
767,pantry,gro_sugar
768,shop,pan_sale
769,shop,pan_new
770,pantry,our_picks_gltnfr
771,pantry,pan_family_size
772,shop,pan_kosher
773,pantry,gro_snack
774,pantry,gro_baker
775,pantry,gro_cerea
776,pantry,gro_dfnt
777,pantry,gro_snack
778,pantry,gro_baker
779,pantry,gro_cerea
780,pantry,gro_dfnt
781,pasta,drypasta
782,pasta,frshpasta
783,pasta,fresh_sauce_fro
784,pasta,pas_entrees
785,pasta,frpas
786,pasta,pas_wwhfbr
787,pasta,jstmpst
788,pasta,gratche
789,pasta,frshsauce
790,pasta,pas_herbs
791,pasta,jarsauce
792,pasta,pas_oil
793,pasta,pas_antipasti
794,pasta,pas_meat
795,pasta,pas_seafood
796,pasta,jstmpst
797,pasta,gratche
798,pasta,drypasta
799,pasta,frshpasta
800,pasta,pas_herbs
801,pasta,pas_entrees
802,pasta,fresh_sauce_fro
803,pasta,jarsauce
804,pasta,pas_oil
805,pasta,pas_antipasti
806,pasta,frshsauce
807,pasta,pas_meat
808,pasta,pas_seafood
809,pasta,frpas
810,pasta,pas_wwhfbr
811,shop,pas_sale
812,shop,pas_new
813,pasta,pas_gf
814,shop,pas_kosher
815,pasta,drypasta
816,pasta,frshpasta
817,pasta,frpas
818,pasta,drypasta
819,pasta,frshpasta
820,pasta,frpas
821,shop,pet_sale
822,shop,pet_all_natural
823,shop,pet_new
824,rtc,rtc_kabo
825,rtc,rtc_helpers
826,rtc,rtc_ss_mealkts
827,rtc,rtc_asian
828,rtc,rtc_meat
829,rtc,rtc_poultry
830,rtc,rtc_fish
831,rtc,rtc_veg
832,rtc,rtc_rubs
833,rtc,rtc_sauce
834,rtc,rtc_meat
835,rtc,rtc_kabo
836,rtc,rtc_poultry
837,rtc,rtc_helpers
838,rtc,rtc_rubs
839,rtc,rtc_ss_mealkts
840,rtc,rtc_sauce
841,rtc,rtc_fish
842,rtc,rtc_asian
843,rtc,rtc_veg
844,shop,rtc_sale
845,shop,rtc_new
846,shop,rtc_popular
847,rtc,rtc_asian
848,rtc,rtc_meat
849,rtc,rtc_ss_mealkts
850,rtc,rtc_asian
851,rtc,rtc_meat
852,rtc,rtc_ss_mealkts
853,seafood,scrb
854,seafood,fflt
855,seafood,fstk
856,seafood,fwhl
857,seafood,slbsr
858,seafood,scmo
859,seafood,sea_oysters
860,seafood,sea_salm
861,seafood,sscl
862,seafood,ssrmp
863,seafood,sspe
864,seafood,ready_to
865,seafood,sea_hmr_chefprep
866,seafood,sea_kbob
867,seafood,scrb
868,seafood,fflt
869,seafood,fstk
870,seafood,fwhl
871,seafood,sea_kbob
872,seafood,slbsr
873,seafood,scmo
874,seafood,sea_oysters
875,seafood,ready_to
876,seafood,sea_hmr_chefprep
877,seafood,sea_salm
878,seafood,sscl
879,seafood,ssrmp
880,seafood,sspe
881,shop,sea_sale
882,shop,sea_top_rated
883,shop,sea_organic_link
884,seafood,sea_vpks
885,shop,sea_lcl
886,vegetables,veg_asian_vegetables
887,vegetables,art_asp
888,vegetables,avc
889,vegetables,bns_pea
890,vegetables,broc_cfl
891,vegetables,cab
892,vegetables,crt
893,vegetables,clry
894,vegetables,veg_juice
895,vegetables,corn
896,vegetables,cuc
897,vegetables,egplnt
898,vegetables,hrb
899,vegetables,veg_green_salads
900,vegetables,letuc
901,vegetables,msh
902,vegetables,on_grlc
903,vegetables,pep
904,vegetables,pot
905,vegetables,veg_rtc_veg
906,vegetables,root
907,vegetables,cut_veg
908,vegetables,sp
909,vegetables,grns
910,vegetables,spt
911,vegetables,sq_zuch
912,vegetables,tm
913,vegetables,veg_hmr
914,vegetables,veg_wild_foraged
915,vegetables,veg_asian_vegetables
916,vegetables,art_asp
917,vegetables,avc
918,vegetables,bns_pea
919,vegetables,broc_cfl
920,vegetables,cab
921,vegetables,crt
922,vegetables,clry
923,vegetables,veg_juice
924,vegetables,corn
925,vegetables,cuc
926,vegetables,egplnt
927,vegetables,hrb
928,vegetables,veg_green_salads
929,vegetables,letuc
930,vegetables,msh
931,vegetables,on_grlc
932,vegetables,pep
933,vegetables,pot
934,vegetables,veg_rtc_veg
935,vegetables,root
936,vegetables,cut_veg
937,vegetables,sp
938,vegetables,grns
939,vegetables,spt
940,vegetables,sq_zuch
941,vegetables,tm
942,vegetables,veg_hmr
943,vegetables,veg_wild_foraged
944,shop,veg_sale
945,shop,veg_top_rated
946,shop,veg_org
947,shop,veg_new
948,vegetables,veg_local_csa
949,vegetables,veg_vpak
950,shop,veg_lcl
951,wine,vin_type_reds
952,wine,vin_type_whites
953,wine,vin_type_sparkling
954,wine,vin_type_rose
955,wine,vin_type_fortsweet
956,wine,vin_type_cider
957,wine,vin_spirits_brandy
958,wine,vin_spirits_gin
959,wine,vin_spirits_liqueurs
960,wine,vin_spirits_rum
961,wine,vin_spirits_whiskey
962,wine,vin_spirits_tequila
963,wine,vin_spirits_vermouthbitters
964,wine,vin_spirits_vodka
965,wine,vin_spirits_brandy
966,wine,vin_type_cider
967,wine,vin_type_fortsweet
968,wine,vin_spirits_gin
969,wine,vin_spirits_liqueurs
970,wine,vin_type_reds
971,wine,vin_type_rose
972,wine,vin_spirits_rum
973,wine,vin_type_sparkling
974,wine,vin_spirits_tequila
975,wine,vin_spirits_vermouthbitters
976,wine,vin_spirits_vodka
977,wine,vin_spirits_whiskey
978,wine,vin_type_whites
979,shop,vin_deals
980,shop,vin_organic
981,shop,vin_new
982,shop,vin_kosher
983,shop,vin_local
984,wine,fdw_vin_cooking
985,wine,vin_staff_picks
